{
  "name": "token-factions",
  "title": "Token Factions",
  "description": "Generate token bases based on token disposition or actor folder color.",
  "author": "Voldemalort",
  "authors": [
    {
      "name": "Voldemalort",
      "email": "voldemalort@gmail.com",
      "discord": "Voldemalort#9415",
      "reddit": "u/voldemalort"
    }
  ],
  "version": "0.2.6",
  "type": "module",
  "socket": true,
  "includes": [
    "./assets/**",
    "./lang/**",
    "./scripts/**",
    "./styles/**",
    "./templates/**",
    "./module.json",
    "./README.md",
    "./icons/**",
    "./packs/**"
  ],
  "media": [
    {
      "type": "icon",
      "location": ""
    },
    {
      "type": "cover",
      "location": ""
    },
    {
      "type": "screenshot",
      "location": ""
    }
  ],
  "languages": [
    {
      "lang": "en",
      "name": "English",
      "path": "lang/en.json"
    }
  ],
  "scripts": [
  ],
  "esmodules": [
    "main.js"
  ],
  "styles": [
  ],
  "manifestPlusVersion": "1.2.0",
  "url": "https://github.com/p4535992/token-factions",
  "readme": "https://raw.githubusercontent.com/p4535992/token-factions/master/README.md",
  "manifest": "https://raw.githubusercontent.com/p4535992/token-factions/master/src/module.json",
  "download": "https://raw.githubusercontent.com/p4535992/token-factions/master/package/token-factions-v0.2.6.zip",
  "minimumCoreVersion": "0.7.7",
  "compatibleCoreVersion": "0.8.9",
  "changelog": "https://raw.githubusercontent.com/p4535992/token-factions/master/changelog.md",
  "bugs": "https://github.com/p4535992/token-factions/issues",
  "allowBugReporter": true,
  "dependencies": [
    {
      "name": "lib-wrapper"
    }
  ]
}

